timestamp,pages_checked,changes_detected,flagged,duration_seconds,pages_per_minute,duration_minutes
2026-01-26 14:35:51.150,3,0,0,4.3,41.860465116279066,0.07166666666666667
2026-01-26 14:41:06.644,3,0,0,4.31,41.76334106728538,0.07183333333333333
2026-01-26 18:20:04.839,0,0,0,1.46,0.0,0.024333333333333332
2026-01-26 18:35:48.915,23,21,0,43.53,31.702274293590627,0.7255
2026-01-26 18:58:18.855,32,12,0,83.09,23.10747382356481,1.3848333333333334
2026-01-26 19:21:03.414,42,16,0,49.0,51.42857142857143,0.8166666666666667
2026-01-26 19:45:03.603,51,14,0,45.93,66.6231221423906,0.7655
2026-01-26 20:19:58.553,61,15,0,54.36,67.3289183222958,0.906
2026-01-26 20:50:53.784,71,18,0,85.5,49.82456140350877,1.425
2026-01-26 21:19:07.544,81,18,0,66.48,73.10469314079421,1.108
2026-01-26 21:47:55.556,91,17,0,90.49,60.338158912587026,1.5081666666666667
2026-01-26 22:18:02.484,101,20,0,113.37,53.45329452236041,1.8895000000000002
2026-01-26 22:49:22.332,111,17,0,120.97,55.054972307183604,2.0161666666666664
2026-01-26 23:18:39.510,120,17,0,101.94,70.62978222483814,1.699
2026-01-26 23:45:56.345,130,21,0,100.37,77.71246388363056,1.6728333333333334
2026-01-27 01:12:44.960,139,22,0,151.79,54.944330983595755,2.5298333333333334
2026-01-27 03:24:09.797,149,26,0,141.88,63.01099520721737,2.3646666666666665
2026-01-27 04:34:35.628,159,23,0,152.16,62.69716088328076,2.536
2026-01-27 05:07:52.258,168,19,0,156.47,64.42129481689781,2.6078333333333332
2026-01-27 05:52:56.791,178,21,0,120.86,88.36670527883501,2.0143333333333335
2026-01-27 06:26:54.349,188,22,0,121.62,92.74790330537739,2.027
2026-01-27 07:02:41.927,198,19,0,128.99,92.10016280331809,2.1498333333333335
2026-01-27 07:32:32.812,208,20,0,157.49,79.24312654771731,2.6248333333333336
2026-01-27 07:53:27.122,218,15,0,159.23,82.14532437354771,2.653833333333333
2026-01-27 08:25:53.356,228,16,0,158.9,86.09188168659534,2.6483333333333334
2026-01-27 08:59:15.574,238,20,0,139.45,102.40229472929367,2.3241666666666663
2026-01-27 09:29:49.664,248,19,0,200.4,74.25149700598801,3.3400000000000003
2026-01-27 09:58:03.808,257,20,0,156.45,98.56184084372003,2.6075
2026-01-27 10:23:48.064,267,23,0,172.87,92.67079308150633,2.8811666666666667
2026-01-27 10:59:22.244,276,25,0,261.8,63.25439266615737,4.363333333333333
2026-01-27 11:22:23.151,286,18,0,203.88,84.16715715126544,3.398
2026-01-27 11:48:18.382,295,19,0,213.25,83.00117233294256,3.5541666666666667
2026-01-27 12:35:33.632,305,23,0,226.55,80.77687044802472,3.7758333333333334
2026-01-27 13:34:58.820,315,25,0,270.74,69.80867252714782,4.512333333333333
2026-01-27 14:08:21.803,324,25,1,251.18,77.3946970300183,4.186333333333334
2026-01-27 15:01:41.529,334,32,0,242.23,82.73128844486645,4.037166666666667
2026-01-27 15:30:23.481,344,23,0,239.13,86.312884205244,3.9855
2026-01-27 15:54:55.450,353,23,0,221.05,95.81542637412349,3.684166666666667
2026-01-27 16:27:32.860,362,31,0,320.91,67.68252781153593,5.3485000000000005
2026-01-27 17:02:01.521,372,27,0,315.68,70.70451089711099,5.261333333333334
2026-01-27 17:28:37.695,381,27,0,282.69,80.86596625278574,4.7115
2026-01-27 17:57:14.258,391,27,0,240.84,97.40906826108619,4.014
2026-01-27 18:34:39.919,400,35,0,352.99,67.99059463440891,5.883166666666667
2026-01-27 19:08:53.602,410,30,0,267.76,91.87331939049896,4.462666666666666
2026-01-27 19:52:07.982,419,31,0,260.36,96.55861115378707,4.339333333333333
2026-01-27 20:21:46.806,429,28,0,289.25,88.9887640449438,4.820833333333334
2026-01-27 20:51:45.501,438,29,0,317.86,82.67790851318189,5.297666666666667
2026-01-27 21:18:28.155,448,27,0,296.66,90.60877772534214,4.944333333333334
2026-01-27 21:47:31.643,457,28,0,321.85,85.19496659934752,5.364166666666667
2026-01-27 22:23:02.517,467,32,0,334.08,83.87212643678161,5.568
2026-01-27 22:51:33.089,477,29,0,357.86,79.97540937796904,5.964333333333333
2026-01-27 23:21:42.816,487,30,2,320.56,91.15298228100822,5.342666666666667
2026-01-27 23:49:26.108,497,34,1,294.35,101.30796670630201,4.905833333333334
2026-01-28 11:52:37.976,652,204,0,489.65,79.89380169508833,8.160833333333333
2026-01-28 12:38:46.322,662,28,0,366.54,108.3647078081519,6.109
2026-01-28 13:51:06.259,672,32,0,464.94,86.72086720867209,7.749
2026-01-28 14:32:11.098,682,32,0,469.28,87.19740879645416,7.821333333333333
2026-01-28 15:03:58.468,692,29,0,392.82,105.69726592332367,6.547
2026-01-28 15:32:57.705,701,26,0,427.73,98.33306057559675,7.128833333333334
2026-01-28 16:05:52.036,711,34,0,394.24,108.20819805194805,6.570666666666667
2026-01-28 16:40:40.276,721,35,0,520.4,83.1283627978478,8.673333333333334
2026-01-28 17:15:23.902,729,31,0,417.36,104.80161012075905,6.956
2026-01-28 18:03:35.256,738,44,0,435.78,101.61090458488228,7.263
2026-01-28 18:35:03.360,758,32,0,401.75,113.20472930927193,6.695833333333334
2026-01-28 19:06:06.325,767,25,0,881.94,52.1804204367644,14.699000000000002
2026-01-28 19:08:52.802,776,12,0,473.9,98.24857564887108,7.8983333333333325
2026-01-28 19:42:49.948,785,33,0,594.26,79.25823713526066,9.904333333333334
2026-01-28 20:31:54.751,795,37,0,585.87,81.4173792820933,9.7645
2026-01-28 21:03:48.180,803,33,0,446.63,107.87452701341155,7.443833333333333
2026-01-28 21:34:46.782,812,33,0,551.71,88.30726287361114,9.195166666666667
2026-01-28 22:01:44.072,821,33,0,519.37,94.84567841808344,8.656166666666667
2026-01-28 22:31:08.937,831,28,0,632.45,78.83627164202704,10.540833333333333
2026-01-28 23:04:07.006,841,40,0,626.38,80.55812765413967,10.439666666666666
2026-01-28 23:30:38.625,849,27,0,609.18,83.62060474736532,10.152999999999999
2026-01-28 23:56:55.083,859,26,0,522.58,98.62604768647861,8.709666666666667
2026-01-29 01:27:18.207,869,44,0,703.26,74.14043170377954,11.721
2026-01-29 03:52:23.566,879,60,0,735.56,71.70047310892382,12.259333333333332
2026-01-29 05:12:57.576,888,46,0,564.03,94.46306047550664,9.4005
2026-01-29 06:14:16.399,895,37,0,514.17,104.44016570395006,8.5695
2026-01-29 07:23:09.824,905,41,0,617.44,87.94376781549623,10.290666666666668
2026-01-29 08:10:29.555,914,35,0,616.03,89.0216385565638,10.267166666666666
2026-01-29 08:51:35.147,924,30,0,671.19,82.59956197201984,11.1865
2026-01-29 09:44:24.823,932,26,0,522.34,107.05670635984224,8.705666666666668
2026-01-29 10:41:59.094,941,36,0,715.41,78.91978026586155,11.923499999999999
2026-01-29 11:14:42.862,951,36,0,497.69,114.64968152866243,8.294833333333333
2026-01-29 12:03:30.630,961,44,0,674.05,85.54261553297235,11.234166666666665
2026-01-29 12:46:53.148,971,35,0,541.54,107.5820807327252,9.025666666666666
2026-01-29 14:06:14.954,981,57,0,632.68,93.03281279635836,10.544666666666666
2026-01-29 14:45:35.112,991,35,0,626.91,94.84615016509548,10.4485
2026-01-29 15:40:55.475,1000,39,0,669.98,89.55491208692796,11.166333333333334
2026-01-29 16:14:29.757,1010,37,0,728.12,83.22803933417569,12.135333333333334
2026-01-29 17:06:08.010,1020,45,0,806.59,75.87497985345715,13.443166666666666
2026-01-29 17:44:24.261,1029,39,0,703.76,87.72877117199046,11.729333333333333
2026-01-29 18:44:03.412,1039,44,0,584.17,106.71551089580089,9.736166666666666
2026-01-29 19:40:22.236,1049,43,0,811.43,77.566764847245,13.523833333333332
2026-01-29 20:03:23.337,1059,33,0,706.96,89.87778657915581,11.782666666666668
2026-01-29 20:33:28.750,1069,26,0,669.84,95.7542099605876,11.164
2026-01-29 21:04:08.128,1078,33,0,621.98,103.99048200906782,10.366333333333333
2026-01-29 21:33:19.288,1088,39,0,736.42,88.64506667390891,12.273666666666665
2026-01-29 22:02:27.978,1098,41,0,701.71,93.88493822234256,11.695166666666667
2026-01-29 22:31:08.452,1108,38,0,614.42,108.19960287751051,10.240333333333332
2026-01-29 23:05:24.185,1116,41,0,698.8,95.8214081282198,11.646666666666667
2026-01-29 23:30:29.373,1126,28,0,595.94,113.36711749504983,9.932333333333334
2026-01-30 00:00:31.185,1136,26,0,730.49,93.3072321318567,12.174833333333334
2026-01-30 01:26:41.564,1145,43,0,703.98,97.58799965908122,11.733
2026-01-30 03:55:11.732,1155,71,0,863.75,80.23154848046309,14.395833333333334
2026-01-30 05:17:03.721,1164,45,0,655.11,106.60805055639511,10.9185
2026-01-30 06:18:24.231,1173,55,0,671.53,104.80544428394859,11.192166666666667
2026-01-30 07:27:02.763,1182,42,0,809.06,87.65728128939759,13.484333333333332
2026-01-30 08:13:04.820,1192,42,0,831.79,85.98324096226212,13.863166666666666
2026-01-30 08:49:45.519,1200,25,0,781.54,92.1258029019628,13.025666666666666
2026-01-30 09:42:04.053,1210,29,0,631.68,114.93161094224925,10.527999999999999
2026-01-30 10:19:34.097,1220,29,0,875.47,83.61223114441385,14.591166666666668
2026-01-30 11:18:20.756,1230,42,0,963.92,76.5623703211885,16.06533333333333
2026-01-30 11:49:02.373,1240,34,0,823.23,90.37571517072993,13.7205
2026-01-30 12:51:04.421,1250,39,0,897.76,83.54125824273747,14.962666666666667
2026-01-30 14:02:33.491,1260,57,0,679.87,111.19772897759866,11.331166666666666
2026-01-30 14:42:24.136,1269,43,0,713.12,106.7702490464438,11.885333333333334
2026-01-30 15:16:23.453,1278,34,0,699.39,109.63839917642518,11.6565
2026-01-30 16:12:35.077,1286,55,0,856.72,90.06443178634792,14.278666666666668
2026-01-30 16:45:46.642,1296,43,0,676.9,114.87664352193825,11.281666666666666
2026-01-30 17:43:23.144,1306,56,0,880.12,89.03331363904923,14.668666666666667
2026-01-30 18:16:20.115,1315,42,0,992.13,79.52586858577001,16.5355
2026-01-30 18:54:26.582,1325,37,0,729.75,108.94141829393628,12.1625
2026-01-30 19:41:44.271,1334,48,0,838.07,95.50514873459257,13.967833333333335
2026-01-30 20:05:57.649,1343,34,0,729.5,110.4592186429061,12.158333333333333
2026-01-30 20:36:31.835,1353,34,0,867.45,93.5846446481065,14.457500000000001
2026-01-30 21:07:38.853,1363,30,0,799.2,102.32732732732732,13.32
2026-01-30 21:33:32.111,1371,27,0,699.22,117.64537627642228,11.653666666666668
2026-01-30 22:05:20.370,1380,40,0,1007.48,82.18525429785207,16.791333333333334
2026-01-30 22:33:25.018,1390,43,0,911.95,91.45238225779921,15.199166666666667
2026-01-30 23:06:15.751,1400,34,0,853.98,98.3629593198904,14.233
2026-01-30 23:35:58.720,1410,30,0,985.94,85.80643852567091,16.432333333333336
2026-01-31 00:01:59.355,1420,28,0,874.55,97.42153107312333,14.575833333333332
2026-01-31 01:27:16.479,1430,52,0,924.61,92.79588150679746,15.410166666666667
2026-01-31 03:49:37.565,1438,69,0,810.47,106.45674731945661,13.507833333333334
2026-01-31 05:12:05.119,1448,52,0,781.77,111.13243025442266,13.0295
2026-01-31 05:56:33.637,1457,44,0,1073.87,81.40650171808507,17.89783333333333
2026-01-31 06:45:42.731,1467,41,0,956.01,92.07016663005616,15.9335
2026-01-31 07:18:40.858,1476,27,0,790.29,112.06012982576016,13.1715
2026-01-31 08:03:55.730,1486,29,0,953.13,93.54442730792232,15.8855
2026-01-31 08:37:06.294,1495,44,0,968.55,92.61266842186775,16.1425
2026-01-31 09:10:55.675,1504,32,0,1057.16,85.36077793333081,17.619333333333334
2026-01-31 09:37:35.574,1513,36,0,962.25,94.34138737334372,16.0375
2026-01-31 10:06:57.966,1521,31,0,997.44,91.49422521655437,16.624000000000002
2026-01-31 10:30:30.594,1529,34,0,779.85,117.6380073090979,12.9975
2026-01-31 11:09:29.340,1539,43,0,1140.86,80.93894079904634,19.014333333333333
2026-01-31 11:32:13.795,1548,39,0,1012.44,91.73876970487139,16.874000000000002
2026-01-31 12:01:22.645,1556,42,0,1122.61,83.1633425677662,18.710166666666666
2026-01-31 12:49:40.246,1565,45,0,1184.63,79.26525581827237,19.743833333333335
2026-01-31 13:41:49.294,1574,51,0,1029.05,91.77396627957826,17.15083333333333
2026-01-31 14:15:38.488,1584,41,0,1136.3,83.63988383349468,18.938333333333333
2026-01-31 14:38:59.462,1593,38,0,1195.74,79.93376486527173,19.929
2026-01-31 15:08:51.636,1602,51,0,1154.29,83.27196804962358,19.238166666666665
2026-01-31 15:33:26.676,1612,38,0,979.14,98.78056253446903,16.319
2026-01-31 16:01:18.780,1620,46,0,882.57,110.13290730480301,14.7095
2026-01-31 16:38:24.115,1629,45,0,1176.0,83.11224489795917,19.6
2026-01-31 17:11:04.891,1639,37,0,1050.1,93.64822397866871,17.501666666666665
2026-01-31 17:32:53.139,1649,33,0,842.59,117.4236580068598,14.043166666666668
2026-01-31 18:07:38.365,1659,51,0,1190.71,83.59718151355074,19.845166666666668
2026-01-31 18:40:07.599,1669,48,0,1061.92,94.30088895585354,17.698666666666668
2026-01-31 19:11:37.900,1677,47,0,919.08,109.47904426165294,15.318000000000001
2026-01-31 19:38:31.357,1687,40,0,1306.01,77.50323504414207,21.766833333333334
2026-01-31 19:56:17.104,1695,38,0,885.75,114.81795088907705,14.7625
2026-01-31 20:34:44.533,1704,41,0,1034.74,98.8074298857684,17.24566666666667
2026-01-31 21:08:19.454,1714,38,0,1243.91,82.67479158460017,20.731833333333334
2026-01-31 21:30:32.796,1724,31,0,907.06,114.03876259563866,15.117666666666667
2026-01-31 22:01:34.244,1734,39,0,1048.59,99.21895116299031,17.476499999999998
2026-01-31 22:35:02.395,1742,36,0,1144.22,91.34606981174949,19.070333333333334
2026-01-31 23:06:35.658,1752,44,0,1123.23,93.58724393045057,18.7205
2026-01-31 23:33:52.765,1761,39,0,1060.77,99.60688933510562,17.6795
2026-02-01 00:01:56.689,1771,42,0,1062.97,99.96519186806778,17.716166666666666
2026-02-01 01:50:47.360,1781,74,0,1427.36,74.8654859320704,23.78933333333333
2026-02-01 04:31:11.213,1790,81,0,1226.77,87.54697294521385,20.446166666666667
2026-02-01 06:01:38.181,1799,57,0,1089.31,99.0902497911522,18.155166666666666
2026-02-01 06:56:38.440,1809,48,0,966.08,112.35094402119907,16.101333333333333
2026-02-02 07:23:49.488,1828,383,0,2105.38,52.09510872146596,35.089666666666666
2026-02-02 18:15:28.671,1838,242,0,1330.52,82.88488711180591,22.175333333333334
2026-02-02 23:55:46.839,1847,137,0,1285.7,86.1942910476783,21.428333333333335
2026-02-03 02:52:33.544,1857,80,0,1153.73,96.57372175465663,19.228833333333334
2026-02-03 05:14:56.806,1867,64,0,1403.39,79.82100485253564,23.389833333333335
2026-02-03 06:18:09.317,1877,45,0,1358.94,82.87341604485849,22.649
2026-02-03 07:20:27.739,1887,33,0,1257.79,90.01502635575096,20.963166666666666
2026-02-03 08:10:53.779,1897,23,0,1228.86,92.62243054538354,20.480999999999998
2026-02-03 09:00:47.674,1907,28,0,991.19,115.43699996973335,16.519833333333334
2026-02-03 10:11:13.158,1915,40,0,1261.37,91.09143233151258,21.02283333333333
2026-02-03 11:04:27.132,1925,39,0,1050.86,109.90997849380507,17.514333333333333
2026-02-03 11:57:59.409,1935,40,0,1140.34,101.8117403581388,19.005666666666666
2026-02-03 13:32:58.254,1943,62,0,1252.17,93.10237427825294,20.869500000000002
2026-02-03 14:48:17.327,1953,63,0,1219.94,96.05390429037493,20.332333333333334
2026-02-03 15:34:06.059,1963,56,0,1202.93,97.91093413581837,20.048833333333334
2026-02-03 16:36:57.568,1973,58,0,1293.75,91.50144927536232,21.5625
2026-02-03 18:50:52.754,1993,104,0,1086.01,110.10948333809081,18.100166666666667
2026-02-03 20:14:41.694,2002,83,0,1586.84,75.69761286582138,26.447333333333333
2026-02-03 21:04:17.502,2011,50,0,1244.46,96.95771659997108,20.741
2026-02-03 22:03:15.261,2020,52,0,1343.02,90.24437461839734,22.383666666666667
2026-02-03 23:00:20.200,2030,50,0,1459.77,83.43780184549621,24.3295
2026-02-03 23:54:26.302,2040,41,0,1228.62,99.62396835473947,20.476999999999997
2026-02-04 02:49:41.753,2050,81,0,1314.23,93.59092396308104,21.903833333333335
2026-02-04 04:43:13.773,2058,63,0,1241.93,99.4258935688807,20.698833333333333
2026-02-04 05:57:03.382,2068,52,0,1343.93,92.3262372296176,22.398833333333336
2026-02-04 07:20:29.873,2078,57,0,1238.02,100.70919694350657,20.633666666666667
2026-02-04 08:12:24.849,2086,33,0,1216.51,102.88448101536362,20.275166666666667
2026-02-04 09:17:33.883,2095,40,0,1537.91,81.73430174717635,25.631833333333336
2026-02-04 10:15:53.306,2105,38,0,1349.94,93.55971376505622,22.499000000000002
2026-02-04 11:06:36.332,2115,35,0,1314.43,96.54374900146831,21.90716666666667
2026-02-04 12:00:57.704,2125,42,0,1385.04,92.05510310171547,23.084
2026-02-04 13:29:42.928,2135,67,0,1179.87,108.57128327697122,19.664499999999997
2026-02-04 14:53:13.469,2144,70,0,1610.33,79.88424732818739,26.838833333333334
2026-02-04 15:32:50.976,2154,48,0,1257.59,102.76799274803395,20.959833333333332
2026-02-04 16:36:23.950,2164,48,0,1499.38,86.59579292774346,24.98966666666667
2026-02-04 17:49:02.225,2174,68,0,1290.23,101.09825379971014,21.503833333333333
2026-02-04 18:33:12.022,2184,50,0,1309.5,100.06872852233677,21.825
2026-02-04 19:48:20.546,2194,51,0,1383.48,95.15135744643942,23.058
2026-02-04 20:24:42.646,2204,32,0,1380.4,95.7983193277311,23.006666666666668
2026-02-04 21:16:06.966,2214,57,0,1511.5,87.88620575587166,25.191666666666666
2026-02-04 22:01:12.963,2224,48,0,1324.83,100.72235683068773,22.080499999999997
2026-02-04 22:58:24.441,2234,45,0,1415.02,94.72657630280844,23.583666666666666
2026-02-04 23:58:47.012,2244,59,0,1475.98,91.22074824862125,24.599666666666668
2026-02-05 02:51:49.469,2254,80,0,1344.71,100.57187051483218,22.411833333333334
2026-02-05 04:55:49.563,2264,71,0,1586.47,85.62405844421892,26.441166666666668
2026-02-05 06:01:33.792,2274,47,0,1144.35,119.22925678332679,19.072499999999998
2026-02-05 07:30:44.812,2284,44,0,1455.89,94.1279904388381,24.264833333333335
2026-02-05 08:31:16.438,2294,26,0,1552.83,88.63816386854968,25.880499999999998
2026-02-05 09:34:34.132,2304,39,0,1320.73,104.66938738424963,22.012166666666666
2026-02-05 10:37:44.807,2314,44,0,1598.37,86.86349218266109,26.639499999999998
2026-02-05 11:35:21.012,2324,43,0,1445.15,96.48825381448293,24.085833333333333
2026-02-05 12:28:24.320,2334,43,0,1718.67,81.48161078042905,28.6445
2026-02-05 13:47:23.834,2344,54,0,1343.21,104.7044021411395,22.386833333333335
2026-02-05 14:53:38.739,2354,55,0,1490.73,94.7455273590791,24.8455
2026-02-05 15:34:17.093,2364,41,0,1228.49,115.45881529357179,20.474833333333333
2026-02-06 11:44:56.453,2374,321,1,1918.65,74.23969978891408,31.977500000000003
2026-02-06 12:20:50.729,2384,28,0,1634.16,87.5312086943751,27.236
2026-02-06 12:57:47.191,2393,31,0,1405.53,102.15363599496276,23.4255
2026-02-06 14:20:40.428,2403,60,0,1503.16,95.91793288804918,25.052666666666667
2026-02-06 14:56:37.030,2413,43,0,1248.08,116.00217934747774,20.801333333333332
2026-02-06 15:56:46.822,2423,60,0,1503.48,96.69566605475298,25.058
2026-02-06 16:32:32.045,2433,50,0,1521.97,95.91516258533348,25.36616666666667
2026-02-06 17:35:41.767,2443,56,0,1524.38,96.1571261758879,25.406333333333336
2026-02-06 18:26:34.968,2452,43,0,1293.05,113.77750280344921,21.550833333333333
2026-02-06 19:33:14.067,2462,57,0,1236.26,119.48942779027065,20.604333333333333
2026-02-06 20:16:14.195,2472,39,0,1267.02,117.06208268219918,21.117
2026-02-06 20:50:21.259,2482,34,0,1646.63,90.43926079325652,27.443833333333334
2026-02-06 21:19:10.824,2492,35,0,1295.61,115.40509875657027,21.5935
2026-02-06 21:48:43.114,2501,33,0,1508.68,99.46443248402576,25.14466666666667
2026-02-06 22:16:37.765,2511,29,0,1473.84,102.22276502198339,24.564
2026-02-06 22:36:00.328,2520,28,0,1309.3,115.48155502940503,21.821666666666665
2026-02-06 23:11:04.636,2529,43,0,1304.84,116.29011986143895,21.747333333333334
2026-02-06 23:39:18.471,2539,31,0,1305.7,116.6730489392663,21.761666666666667
2026-02-07 00:12:21.776,2548,36,0,1465.62,104.31080361894625,24.427
2026-02-07 01:29:34.724,2558,53,0,1572.04,97.63110353426121,26.200666666666667
2026-02-07 04:04:28.423,2568,81,0,1594.37,96.64005218362112,26.57283333333333
2026-02-07 05:26:21.369,2578,48,0,1490.09,103.80581038729204,24.834833333333332
2026-02-07 06:09:59.511,2588,36,0,1499.66,103.54346985316671,24.994333333333334
2026-02-07 06:52:22.235,2597,34,0,1336.32,116.60380747126437,22.272
2026-02-07 07:34:50.689,2607,34,0,1548.26,101.02954284164159,25.804333333333332
2026-02-07 08:12:21.692,2617,31,0,1303.22,120.48618038397201,21.720333333333333
2026-02-07 08:48:14.681,2627,30,0,1748.22,90.16027731063596,29.137
2026-02-07 09:24:40.392,2637,35,0,1778.85,88.9451049835568,29.647499999999997
2026-02-07 09:44:35.598,2646,19,0,1369.63,115.9145170593518,22.827166666666667
2026-02-07 10:22:43.180,2656,36,0,1792.38,88.90971780537609,29.873
2026-02-07 10:41:29.071,2665,18,0,1517.84,105.34707215516788,25.29733333333333
2026-02-07 11:19:26.420,2675,35,0,1664.75,96.41087250337888,27.745833333333334
2026-02-07 11:37:49.460,2684,26,0,1375.36,117.08934388087484,22.922666666666665
2026-02-07 12:10:25.361,2694,31,0,1634.3,98.90472985376002,27.238333333333333
2026-02-07 12:51:15.362,2703,45,0,1583.6,102.41222530942159,26.39333333333333
2026-02-07 13:40:06.335,2712,49,0,1377.47,118.12961443806398,22.957833333333333
2026-02-07 14:26:28.684,2722,43,0,1664.45,98.12250292889543,27.740833333333335
2026-02-07 14:53:41.636,2731,41,0,1942.33,84.36259543949792,32.372166666666665
2026-02-07 15:14:19.541,2741,52,0,1405.28,117.0300580667198,23.421333333333333
2026-02-07 15:47:20.792,2751,45,0,1864.56,88.52490668039644,31.076
2026-02-07 16:14:01.996,2761,33,0,1604.73,103.23231945560936,26.7455
2026-02-07 16:42:15.701,2771,39,0,1443.11,115.20951278835294,24.05183333333333
2026-02-07 17:19:12.273,2781,52,0,1447.4,115.28257565289483,24.123333333333335
2026-02-07 17:46:30.891,2791,36,0,1623.55,103.14434418404115,27.059166666666666
2026-02-07 18:19:09.545,2801,51,0,1739.48,96.61508036884587,28.991333333333333
2026-02-07 18:52:26.635,2810,36,0,1906.72,88.42410002517413,31.778666666666666
2026-02-07 19:33:37.715,2820,56,0,2024.35,83.58238446908885,33.73916666666666
2026-02-07 19:55:32.745,2829,34,0,1978.16,85.80701257734461,32.96933333333333
2026-02-07 20:07:26.010,2839,31,0,1405.63,121.18409538783321,23.42716666666667
2026-02-07 20:43:09.803,2849,55,0,1644.74,103.93132045186474,27.412333333333333
2026-02-07 21:19:29.090,2859,46,0,1737.05,98.75363403471403,28.950833333333332
2026-02-07 21:49:37.850,2869,50,0,1909.77,90.13650858480341,31.8295
2026-02-07 22:17:31.979,2877,39,0,1750.46,98.61407858505764,29.174333333333333
2026-02-07 22:45:01.192,2887,36,0,1740.59,99.51797953567468,29.009833333333333
2026-02-07 23:25:23.472,2897,56,0,1963.04,88.54633629472654,32.717333333333336
2026-02-07 23:50:06.711,2906,40,0,1773.26,98.32737444029641,29.554333333333332
2026-02-08 00:24:16.417,2916,42,0,1801.25,97.1325468424705,30.020833333333332
2026-02-08 01:54:43.135,2926,76,0,1734.2,101.23399838542268,28.903333333333332
2026-02-08 04:40:36.460,2934,110,0,1590.2,110.70305621934348,26.503333333333334
2026-02-08 06:15:54.778,2944,63,0,1796.22,98.33984701205866,29.937
2026-02-08 07:08:24.369,2954,40,0,1771.91,100.02765377474024,29.531833333333335
2026-02-08 08:03:23.377,2964,47,0,1813.49,98.06505687927698,30.224833333333333
2026-02-08 08:55:44.914,2974,41,0,2024.0,88.16205533596838,33.733333333333334
2026-02-08 09:26:23.670,2983,23,0,1791.87,99.88447822665707,29.8645
2026-02-08 09:52:04.673,2993,29,0,1796.19,99.97828737494362,29.936500000000002
2026-02-08 10:18:13.680,3003,28,0,1552.62,116.04900104339762,25.877
2026-02-08 10:45:25.220,3012,37,0,1740.41,103.83760148470762,29.006833333333336
2026-02-08 11:19:50.746,3022,50,0,1567.22,115.69530761475734,26.120333333333335
2026-02-08 11:46:54.449,3032,32,0,1834.92,99.14328690079131,30.582
2026-02-14 05:02:03.292,3062,540,0,3650.3,50.3301098539846,60.83833333333334
2026-02-14 12:00:29.079,3072,126,0,2070.97,89.00177211644785,34.51616666666666
2026-02-14 13:25:14.223,3082,58,0,2000.66,92.42949826557236,33.34433333333333
2026-02-14 19:14:28.429,3092,154,0,2094.59,88.57103299452397,34.90983333333334
2026-02-15 02:45:20.056,3102,185,0,1830.98,101.65048225540421,30.516333333333332
2026-02-15 07:34:32.204,3112,94,0,2268.62,82.30554257654433,37.81033333333333
2026-02-15 13:31:13.810,3122,124,0,2081.86,89.97723189839854,34.69766666666667
2026-02-15 14:50:58.562,3132,42,0,3064.15,61.32859031052657,51.06916666666667
2026-02-15 15:54:25.030,3142,59,0,1982.65,95.08486117065543,33.04416666666667
2026-02-15 19:27:19.700,3151,114,0,2032.7,93.00929797805873,33.87833333333334
2026-02-16 03:33:25.344,3161,182,0,2335.7,81.20049663912319,38.92833333333333
2026-02-16 07:53:58.798,3171,127,0,2037.76,93.36722675879398,33.962666666666664
2026-02-16 13:54:55.910,3180,135,0,1766.78,107.9930721425418,29.44633333333333
2026-02-16 19:40:21.637,3190,159,0,2353.01,81.34262072834369,39.216833333333334
2026-02-17 03:25:55.630,3199,155,0,2090.89,91.7982294620951,34.848166666666664
2026-02-17 07:51:59.545,3209,105,0,2268.29,84.88332620608476,37.804833333333335
2026-02-17 13:59:23.327,3218,120,0,2000.74,96.50429341143777,33.345666666666666
2026-02-17 19:42:11.221,3228,146,0,1779.05,108.8670919872966,29.65083333333333
2026-02-18 03:26:46.553,3238,165,0,1945.84,99.84376927188258,32.43066666666667
2026-02-18 05:52:03.638,100,17,0,81.97,73.19751128461633,1.3661666666666668
2026-02-18 07:17:22.350,100,13,0,64.57,92.92240978782718,1.0761666666666665
2026-02-18 13:28:39.179,100,14,0,58.8,102.04081632653062,0.98
2026-02-18 19:12:04.114,100,15,0,56.9,105.4481546572935,0.9483333333333334
2026-02-19 02:54:42.858,100,14,0,65.34,91.82736455463728,1.089
2026-02-19 07:16:51.920,100,13,0,77.88,77.0416024653313,1.2979999999999998
2026-02-19 13:30:05.287,100,12,0,66.57,90.13068949977468,1.1095
2026-02-19 19:07:40.692,100,17,0,77.69,77.2300167331703,1.2948333333333333
2026-02-20 02:45:44.998,100,17,0,65.38,91.77118384827165,1.0896666666666666
2026-02-20 07:09:27.632,100,17,0,86.1,69.68641114982579,1.4349999999999998
2026-02-20 13:18:24.902,100,17,0,101.58,59.06674542232723,1.693
2026-02-20 19:02:07.369,100,21,0,80.96,74.11067193675889,1.3493333333333333
2026-02-21 02:39:47.690,100,21,0,82.21,72.98382191947452,1.3701666666666665
2026-02-21 06:57:10.208,100,16,0,74.46,80.58017727639002,1.2409999999999999
2026-02-21 13:07:35.215,100,22,0,96.48,62.189054726368155,1.608
2026-02-21 14:25:55.064,100,27,0,88.61,67.71244780498816,1.4768333333333332
2026-02-21 18:50:36.180,100,22,0,112.3,53.42831700801425,1.8716666666666666
2026-02-22 02:52:32.479,100,21,0,87.28,68.7442713107241,1.4546666666666668
2026-02-22 07:02:16.673,100,25,0,110.05,54.52067242162653,1.8341666666666667
2026-02-22 13:09:26.500,100,18,0,112.65,53.262316910785614,1.8775000000000002
2026-02-22 18:51:31.930,100,24,0,119.64,50.150451354062184,1.994
2026-02-23 02:54:04.339,100,28,0,110.53,54.28390482222021,1.8421666666666667
2026-02-23 04:14:45.188,1000,523,0,844.76,71.02609025048535,14.079333333333333
2026-02-23 07:37:51.702,1000,464,0,1146.47,52.33455738048095,19.107833333333335
2026-02-23 13:43:55.215,1000,495,0,1218.58,49.23763724991384,20.309666666666665
2026-02-23 19:42:54.759,1000,462,0,1285.58,46.67154124986388,21.426333333333332
2026-02-24 03:07:43.702,1000,448,0,1147.62,52.28211428870184,19.127
2026-02-24 07:30:16.859,1000,483,0,1074.51,55.839405868721556,17.9085
2026-02-24 13:45:28.073,1000,468,0,1187.14,50.541637886011756,19.785666666666668
